{
   "num_layers": 7,
   "arch": "D A B",
   "neurons_per_layer": [
      256,
      32,
      1000,
      1000,
      10,
      32,
      256
   ],
   "activation": "relu",
   "kernel_init": "uniform",
   "drop_rate_per_layer": [
      0.15872829858660079,
      0.124404021283663,
      0.1191444759931971,
      0.6775070097550181,
      0.32337913815894676,
      0.13903817315530098,
      0.39426663755264946
   ],
   "opts": {
      "optimizer": "Adam",
      "learning_rate": 0.00035718724976417535,
      "epsilon": 3.5043808140212366e-05,
      "beta_1": 0.9834335585011938,
      "beta_2": 0.8583875028859446
   },
   "batch_size": 100,
   "n_epochs": 1000
}